https://p4.bcbits.com/download/track/13f891915be6b7a79c0a14cb550572a9b/mp3-320/3426248558?id=3426248558&payment_id=2312762627&sig=f720170f99bda0f3dd2faf7ee747a614&token=1713727451_9b9b1c78611828d08fd3c9031c1a61cffd602708;psytrance
https://p4.bcbits.com/download/album/1b5e8f37cb6a0c13709a03f08f3b23bd6/mp3-320/2908678725?id=2908678725&payment_id=1728169653&sig=733061f4dffddd93051f878936b124a6&token=1713727453_9364a782ea12384fa393c6e886040eaf0007daa2;psytrance
https://p4.bcbits.com/download/album/13a06a2befdc205d91e6a6b716fb83c1e/mp3-320/1359994212?id=1359994212&payment_id=2747000646&sig=3c42c8e850434246de30912647fc1fd6&token=1713727466_63534cdae5cd9afc9974aac9f499464bd60c5af1;psytrance
https://p4.bcbits.com/download/album/112ed4f21d0e3672ae96a7b93a2bb37d7/mp3-320/3016322279?id=3016322279&payment_id=116112601&sig=c6328e34ce850cfb115e6ff9ce33b054&token=1713727476_3b3e8ad6646c45d1330405eed663c22e81d8f5eb;psytrance
https://p4.bcbits.com/download/album/1aeae05a228fc5b5909b7c92bdf647a73/mp3-320/2161360303?id=2161360303&payment_id=1483995726&sig=8b76865e5e03544768db0e09e5af6195&token=1713727496_98b3122fb42fa008cafa7af28d54ff4673e0f561;psytrance
https://p4.bcbits.com/download/album/18e798d084663a5c97ecf5cd4a985a696/mp3-320/4274270211?id=4274270211&payment_id=2712859214&sig=7bd643e63e31be8791c52d8a11d9cfb0&token=1713727488_a48c754ad81de9f4891976eb81c06a87a19068d5;psytrance
https://p4.bcbits.com/download/album/1715bbce67475723804ff48e7bedc1e9d/mp3-320/1822911243?id=1822911243&payment_id=3292979880&sig=e0bf774cb3b629467e4a09e53336189e&token=1713727487_195871728dc2231b54436565a14dd767f0ba07d1;psytrance
https://p4.bcbits.com/download/album/1d9ebd04483fecf76b6abefe8414f4db4/mp3-320/2817121891?id=2817121891&payment_id=385823222&sig=3ca3eb8c769eac5c9034bddaf018d83b&token=1713727485_7cef4a059d9e123a36cdad0310ffc38b28ffdcc6;psytrance
https://p4.bcbits.com/download/album/13fb461d7e90b2005bee2da33fa579455/mp3-320/933563988?id=933563988&payment_id=2509297959&sig=d162e771986d1fe0c2d8bfec2cdb65ed&token=1713727490_75112995765d0e47f340766ba3f4e6d05099b707;psytrance
https://p4.bcbits.com/download/album/1957daad94ae366f18e30ef0b0c3d8bc5/mp3-320/2507529697?id=2507529697&payment_id=116421333&sig=2571046d957a37596d8000c7449970e4&token=1713727490_98a547dd1cd5936fcc777503aea5328b4c3324e4;psytrance
https://p4.bcbits.com/download/album/1f9a50cbe95acc1a66eedf325e3d67a0b/mp3-320/2483097614?id=2483097614&payment_id=4223155877&sig=ee3667c0fc15d0c3677215d8f5a7d710&token=1713727489_ee129742b92eb075e89675268f8deb46e858f2ae;psytrance
https://p4.bcbits.com/download/album/10dc5d9d3e698f7a47e7114089def0fd8/mp3-320/2536222974?id=2536222974&payment_id=1205141401&sig=74729842ca65234741bb1be7ff4c98ad&token=1713727490_a4677168bccf3975e53ae4113ba5894aefcc750d;psytrance
https://p4.bcbits.com/download/album/10713e71d3d9e597cdd9dda53fba01398/mp3-320/2436983638?id=2436983638&payment_id=4175883914&sig=c6e820a309fbcf544f212a6b7747eeeb&token=1713727491_944dbacec0daac7d786b1f3d681c1d4f145cba99;psytrance
https://p4.bcbits.com/download/album/1f85f76bbf41e288d376483694010a6b1/mp3-320/782987459?id=782987459&payment_id=778562011&sig=ef0c15bd6db3dbe676595fc13c83c23b&token=1713727493_70d93840e0ec367fd45af7fec0bee336b7082456;psytrance
https://p4.bcbits.com/download/album/1d774cefc528f86c5140fba1ffd584cc6/mp3-320/2245067116?id=2245067116&payment_id=3582357874&sig=5e54b1444cc4a92722619d2dfd4fde6b&token=1713727499_bb1d6aeb4e8cbb9e833ff79aa465665cda45b4e9;psytrance
https://p4.bcbits.com/download/album/1dceb6b42f7a035bf59e54b8788a48a94/mp3-320/522152269?id=522152269&payment_id=138433849&sig=e5507cff0e1fcb38b54c7addaae53e2e&token=1713727506_ba71ea6452e357907c76b3311652ddf47cf746a1;psytrance
https://p4.bcbits.com/download/album/131cb55bba6bd1dd1bfa557c61669fa3f/mp3-320/1556454122?id=1556454122&payment_id=1880567613&sig=caa3bc984a5cd80495b004157e4915b1&token=1713727508_9b4d88704dfe9135e53149d394cb6aec1f93ca3e;psytrance
https://p4.bcbits.com/download/album/1715bbce67475723804ff48e7bedc1e9d/mp3-320/1822911243?id=1822911243&payment_id=2939435277&sig=3a61ee7ea6b313dd5919da12e942fb1f&token=1713727487_195871728dc2231b54436565a14dd767f0ba07d1;psytrance
https://p4.bcbits.com/download/album/1a3294f3beb5bb7e7a049e333e5592483/mp3-320/3982562352?id=3982562352&payment_id=117282674&sig=9dfdbdbb025c3055641b5f1d6bea6192&token=1713727513_91f06dd45bf30bcda31e4f27926309b2a9129b94;psytrance
https://p4.bcbits.com/download/album/1a369a3b062fd346a93ce27271ab8d1b6/mp3-320/2604939895?id=2604939895&payment_id=1176118167&sig=247eca7c2a414dc9f65d9337e2b932b1&token=1713727519_478e39c807f1ae70185f7daa54cbdb6008c4d32a;psytrance
https://p4.bcbits.com/download/album/1f2815b49d465b47ea33508a42c273975/mp3-320/1997761611?id=1997761611&payment_id=244238656&sig=b018d9b5dff3f30bc388d05436f90018&token=1713727514_e1ccbffe324cee9e3ec0d9ded275503b07c778e2;psytrance
https://p4.bcbits.com/download/album/1a83fc87e17919e1f4fc2047b1dbb198b/mp3-320/3808499234?id=3808499234&payment_id=3275282185&sig=029bfbf181847d8ebfe61bb9369e9823&token=1713727513_b6f42861dac63986fdd0f0200e49c934e7833a9b;psytrance
https://p4.bcbits.com/download/album/18229a9d7734f54f611ac471c068632b3/mp3-320/2838841656?id=2838841656&payment_id=2782661384&sig=78740ab170e5d6c13e59a212eb170e30&token=1713727510_7eedd250c9dc22557fcbacc25a9ccf1cd2ffd898;psytrance
https://p4.bcbits.com/download/album/1119f972f29def365c212944454c3905a/mp3-320/4106114515?id=4106114515&payment_id=508600656&sig=33f0601e5b046ab050d98871ab7f6ebb&token=1713727517_eb75a35674fa2a0e1c86f9fe9ab92c73d89e718b;psytrance
https://p4.bcbits.com/download/album/17aecf81a9ef7b76238f2182b3d9df0df/mp3-320/3198153081?id=3198153081&payment_id=190320085&sig=0a41c2cd7e0eaec6575c733f54601562&token=1713727485_3cb35150960debd155245db7121d6a423ef0131a;psytrance
https://p4.bcbits.com/download/album/17a999470062caeb78fb4991d1e85901b/mp3-320/69444047?id=69444047&payment_id=213065594&sig=42b34fffe06ca40321bcc37625e99ad0&token=1713727517_6c73531274c5a92af941e2f515bd1710fda3e761;psytrance
https://p4.bcbits.com/download/album/1784feffbfdd1f2e2c081dbfa62584c9a/mp3-320/286649065?id=286649065&payment_id=1340956732&sig=93c9f56d7d78067bf0ff75f977120994&token=1713727482_dd9752f5eb2aa62cf06661fa9ef45af11194eae9;psytrance
https://p4.bcbits.com/download/album/19c00407931464ee14affde9131c8d2ca/mp3-320/1020516591?id=1020516591&payment_id=684319558&sig=cd83080eb2fb8293b30fea3877c424d0&token=1713727524_6bda2fe7bbf43e422ef87001673b02623743bb66;psytrance
https://p4.bcbits.com/download/track/13f891915be6b7a79c0a14cb550572a9b/mp3-320/3426248558?id=3426248558&payment_id=1930656335&sig=9250c1318a73b69cf93ba36019d42ffb&token=1713727487_d29fcb829922bd37d9f2af0946be8f46769ae1ad;psytrance
https://p4.bcbits.com/download/album/1fca7fef9cc4df3317c7febfbf8d32388/mp3-320/505187337?id=505187337&payment_id=1484083512&sig=42da1d671dbf7af95ff49dd8bf3abe14&token=1713727545_562ac762ed3df60e99de8312c1b305315024e6fc;psytrance
https://p4.bcbits.com/download/album/13251921b020a815f2a0824c0f3a7cff9/mp3-320/3511371100?id=3511371100&payment_id=982199996&sig=026421f9c68d53eba7a8717df1046044&token=1713727547_39a86411e9d4b9b0f01844424686f3af68f89582;psytrance
https://p4.bcbits.com/download/album/13251921b020a815f2a0824c0f3a7cff9/mp3-320/3511371100?id=3511371100&payment_id=982199996&sig=026421f9c68d53eba7a8717df1046044&token=1713727547_39a86411e9d4b9b0f01844424686f3af68f89582;psytrance
https://p4.bcbits.com/download/album/1b50f4e72d24a5e2a5f33bfd4386b490d/mp3-320/4216980631?id=4216980631&payment_id=760341561&sig=0fa6548aea1d0565fcee19f308efcc58&token=1713727644_6205c97b9216df70d488b81d52ead36c682b3c4b;psytrance
https://p4.bcbits.com/download/album/1b50d85ed076a7ae2ada1f079ebe3324b/mp3-320/2222490658?id=2222490658&payment_id=2042388436&sig=cfbb9fb45e584647d2186aee2d1f8ece&token=1713727643_2df7c755dff744b04afd2c086499831c37037e71;psytrance
https://p4.bcbits.com/download/album/1341ca5691bec99116cf94c40192fa1c3/mp3-320/2644744413?id=2644744413&payment_id=2156202109&sig=013b8a173f25f37bc0b81b825404f6cb&token=1713727642_402f1500194b1b4f745227f3708f41883af2e7ba;psytrance
https://p4.bcbits.com/download/album/17a999470062caeb78fb4991d1e85901b/mp3-320/69444047?id=69444047&payment_id=4190794511&sig=64e94a418528bb4782df3350055a4dd9&token=1713727640_be22ca88d9b49bca630433ecc322ee568f97f38f;psytrance
https://p4.bcbits.com/download/album/161e95b0b49065ca3cd7412ea7677ee16/mp3-320/2846071430?id=2846071430&sig=00cbc9b628b2b216f978f276581f7acf&sitem_id=129395590&token=1713727641_061469d5a33b300a76e83019ab64c9054e07201d;psytrance
https://p4.bcbits.com/download/album/1784feffbfdd1f2e2c081dbfa62584c9a/mp3-320/286649065?id=286649065&payment_id=2069709190&sig=1b6815886ddf2a1c44247233d3fd84d0&token=1713727640_962284d1c65cd99cb46db5d4aa46d414f201c393;psytrance
https://p4.bcbits.com/download/album/1784feffbfdd1f2e2c081dbfa62584c9a/mp3-320/286649065?id=286649065&payment_id=4231009869&sig=de91d5bed6ed248e95137359bf47600c&token=1713727640_962284d1c65cd99cb46db5d4aa46d414f201c393;psytrance
https://p4.bcbits.com/download/album/1cd51517c383f698b5c2739d386b3dcab/mp3-320/3938749985?id=3938749985&payment_id=2548666019&sig=d645ecd7a8ed9919ff50a7608cda97a8&token=1713727640_497a1773745a864b8ccd2466415efea7aa334aa4;psytrance
https://p4.bcbits.com/download/album/1092408772d3ade8c30e65ea254a6f8df/mp3-320/4062784893?id=4062784893&payment_id=274370101&sig=05b6aa6049181e00685c384452124785&token=1713727639_cbf43ded11e40c64be0b82d02dc2d5a077a90351;psytrance
https://p4.bcbits.com/download/album/1a05cc2b43998924673c59c96d4a6358a/mp3-320/2234585918?id=2234585918&payment_id=941808899&sig=eac41361f0cb9c69361ba27a6bd7f3e7&token=1713727639_35788299712e8e41818e3e99aaf02136e09c1f64;psytrance
https://p4.bcbits.com/download/album/1cd51517c383f698b5c2739d386b3dcab/mp3-320/3938749985?id=3938749985&payment_id=3361918417&sig=02aec5a8baaaea77b69b09512673fd5d&token=1713727619_a98e724a2aa50f393f148068991847d34019d816;psytrance
https://p4.bcbits.com/download/album/1b5acd01d5b7cf563b5286e9b3ddbcc7d/mp3-320/3454380884?id=3454380884&payment_id=444630231&sig=4366a0ec5c3d83f125b21a060051a378&token=1713727599_16b31b4abf13f38b0dd05a3dd8623316c5b7c4fe;psytrance
https://p4.bcbits.com/download/album/1341ca5691bec99116cf94c40192fa1c3/mp3-320/2644744413?id=2644744413&payment_id=1143482455&sig=a3957ce3bf8396161d0ec488fdad8525&token=1713727627_4997471bd0e412f9b31375259ebd832c11ed25ce;psytrance
https://p4.bcbits.com/download/album/1d1b536d37322982e4a50414fba86775a/mp3-320/3313797027?id=3313797027&payment_id=1903373007&sig=00fb5d002d2869e1b060fe037d030cad&token=1713727633_1059ed9abdec88685122a107a3d865f7438efba2;psytrance
https://p4.bcbits.com/download/album/16cf50a4338c99d6cb76d6d83a69d9a9b/mp3-320/1025184458?id=1025184458&payment_id=1358304353&sig=1cfb4d6730dc321915c0324b2d8b2987&token=1713727630_eb82f3df9e9be8810a01f845230bb5adebc6cc17;psytrance
https://p4.bcbits.com/download/album/121d8b7449a397c453b20456aa983e699/mp3-320/914718185?id=914718185&payment_id=3188259958&sig=38391b3e25dfaa61975bc0946c2d295c&token=1713727644_99c64c15680b90e736c6c8dbdee135bc10c3fc27;psytrance
https://p4.bcbits.com/download/album/1cc3816a4240c666a7fd019fb73453ccc/mp3-320/2336036859?id=2336036859&payment_id=962962828&sig=a8211717561f658b401b5f869c7c4a50&token=1713727641_7bcffe46492421974824237fbfa2c460de86300c;psytrance
https://p4.bcbits.com/download/album/1b50f4e72d24a5e2a5f33bfd4386b490d/mp3-320/4216980631?id=4216980631&payment_id=2723252928&sig=fb5bff4d54ec2b28ebb7e69fa2a91ec0&token=1713727629_0348eef943011ba700ff480301903a382f5701d1;psytrance
https://p4.bcbits.com/download/album/15f3c1cebfd1f887d39675d9c1109a7d2/mp3-320/3311789740?id=3311789740&payment_id=3360072953&sig=b75e0fea176bf4a147fdff9171afe564&token=1713727649_f1e045657e24cc2d9993029718cc572039ff5c51;psytrance
https://p4.bcbits.com/download/album/15f3c1cebfd1f887d39675d9c1109a7d2/mp3-320/3311789740?id=3311789740&payment_id=97193927&sig=70af29b5948dd34584360eaff642a3cb&token=1713727648_220bef9977164148046b883712ad065c7855ecb5;psytrance
https://p4.bcbits.com/download/album/17a999470062caeb78fb4991d1e85901b/mp3-320/69444047?id=69444047&payment_id=1075647006&sig=2f7f5b738cb28de33242a504eaf8b348&token=1713727604_b52875686c8a7e85462fefcf5405913d10ef8bbc;psytrance
https://p4.bcbits.com/download/album/162ea3802d5f975fdb57e421d619168fa/mp3-320/1743320410?id=1743320410&payment_id=405967569&sig=16ae434f17d501b5d12f5af4e55101b6&token=1713727643_c3f2b76068b219cf1bf2e2f07b1f39e48b93c949;psytrance
https://p4.bcbits.com/download/album/1341ca5691bec99116cf94c40192fa1c3/mp3-320/2644744413?id=2644744413&payment_id=3057493602&sig=4e9b5954fc1558a8cefc758c7ae12e1c&token=1713727627_4997471bd0e412f9b31375259ebd832c11ed25ce;psytrance
https://p4.bcbits.com/download/album/1662e8b19fa5bd856c3f9376eeb76a66e/mp3-320/4127990793?id=4127990793&payment_id=56448325&sig=1956feb6d7d91f086f254d44d86e9722&token=1713727607_c9bbab280aa95098e4b1e37faf55bb4313593ae5;psytrance
https://p4.bcbits.com/download/album/1026a39d527cacf0347c0e964b25b72a8/mp3-320/82536678?id=82536678&payment_id=227813821&sig=df551db4be8ce9f2d50eeece72bb0751&token=1713727646_f650467b3001b8698a46aebff433a8032f6759c6;psytrance
https://p4.bcbits.com/download/album/1163b9caa09011cc1c10a4fd52930e116/mp3-320/758825662?id=758825662&payment_id=3996523466&sig=7649bdc27fcee20c16f6eb0d5d7d5c7a&token=1713727614_10538367447ab27857d56e314e6e1bdfd1e7667c;psytrance
https://p4.bcbits.com/download/album/1566029456a42c931b7e9630e6c128ce6/mp3-320/2563503954?id=2563503954&payment_id=3867592091&sig=6517e7dccd05b9f62641905048943a86&token=1713727649_5b6e0498e707c8f8b9d20599582408583129802b;psytrance
https://p4.bcbits.com/download/album/141eb9f1f392b3eb1af609ecc9940a99d/mp3-320/3753180884?id=3753180884&payment_id=3428859938&sig=3e218b16fe98d78bae7da707d79cf077&token=1713727652_ce45d573d892c47553397648bf31867948dd3dfa;psytrance
https://p4.bcbits.com/download/album/1e1b43d370a0cbcc6df8d698fc7dacd46/mp3-320/1233454801?id=1233454801&payment_id=4207718261&sig=dbd8f6eef8cbf944bdd92fadee299dd3&token=1713727610_93e0909159e7e2e2f5c3337b7805403ecf397f9c;psytrance
https://p4.bcbits.com/download/album/1fa310e7fb4634f2605fe98d5d8289453/mp3-320/2771809348?id=2771809348&payment_id=925647829&sig=942ef600bae7f509745db898a224c84b&token=1713727651_f6a204598537a29de557b3aa4b76b227939e2dee;psytrance
https://p4.bcbits.com/download/album/1dbfa4e3a97d67c32ba2598c56eca61d9/mp3-320/568603096?id=568603096&payment_id=4192805723&sig=2a0ed726306482a389c5aa5b43b82815&token=1713727650_3078fa0c4efdf05d28f379d1145d56b621a100d0;psytrance
https://p4.bcbits.com/download/album/1f597294d5093cd3c0bbadca9f13d663d/mp3-320/2436035126?id=2436035126&payment_id=1596736115&sig=ed7419996c8413fcfcd4eb235170f19b&token=1713727657_4f3d6f9f20fc81637280283ec9b22062f1b76aa9;psytrance
https://p4.bcbits.com/download/track/169937ad073f735c794fb4af8e6e89e84/mp3-320/1569861797?id=1569861797&payment_id=3125090447&sig=930abf51d1998e3356741d2529d16f13&token=1713727649_c1297e141819928626a05499251c7d384b4c7d13;psytrance
https://p4.bcbits.com/download/album/198ed9839deddeb3a95384b91e8570689/mp3-320/3273439089?id=3273439089&payment_id=3391573655&sig=fdac02f678e4b49c691b075065e94a86&token=1713727659_eb930433f76999076cc6b3aaa772a63863fd246c;psytrance
https://p4.bcbits.com/download/album/1f597294d5093cd3c0bbadca9f13d663d/mp3-320/2436035126?id=2436035126&payment_id=1686952131&sig=acc29fc6a03f40fb6cdbcf2abc99f035&token=1713727657_4f3d6f9f20fc81637280283ec9b22062f1b76aa9;psytrance
https://p4.bcbits.com/download/album/1fd917468e0c7c52ffe1ff16ca8f1a074/mp3-320/3899277272?id=3899277272&payment_id=674160716&sig=f8516ee19b0f3e398db940e951611c8d&token=1713727657_8c122d242ddeb41b19a85cb7ca6162f7d1d47e14;psytrance
https://p4.bcbits.com/download/album/1256739ab486be45dff637c3a9639399d/mp3-320/2603385091?id=2603385091&payment_id=2455158291&sig=99a47d2d8c4073d0de00d108dad5d08c&token=1713727658_bdda316aa4d09e3c83f0db30b8535585d0065cf7;psytrance
https://p4.bcbits.com/download/album/1784feffbfdd1f2e2c081dbfa62584c9a/mp3-320/286649065?id=286649065&payment_id=4330450&sig=e7e312d11a5647a6c9f79e37b351328b&token=1713727613_2824422e5d90d1b6759ac922a6c9df92787c9522;psytrance
https://p4.bcbits.com/download/album/1b60768c99863444a378ced31d0fa1db2/mp3-320/1445713477?id=1445713477&payment_id=3252406637&sig=90410467c6904894626c1c2845bfd18c&token=1713727614_76ea99d97b7bbb6d278578c3ce2a8851e92cb6f2;psytrance
https://p4.bcbits.com/download/track/10f7f1d361b3ff19f3a9e36159e070d6b/mp3-320/3726439595?id=3726439595&payment_id=4154277458&sig=59768ccd5e64fb71e93b6815ed023489&token=1713727655_d822b88420ab064eed4d407663089daf7de38059;psytrance
https://p4.bcbits.com/download/album/112a8675ca2c95ccd26e79748226d0070/mp3-320/3664865360?id=3664865360&payment_id=382029007&sig=aa0133e0dc21a3ceab3e95b77e522cae&token=1713727659_7d89e7d7d189bf49198e304c0c3a1c74f97567ab;psytrance
https://p4.bcbits.com/download/album/1b60768c99863444a378ced31d0fa1db2/mp3-320/1445713477?id=1445713477&payment_id=350237078&sig=be8e84e9d1c16f5c46f5c8777c8d72ba&token=1713727616_004392450a873526aba0b14e7460eb6dadf6d99e;psytrance
https://p4.bcbits.com/download/track/192500d9bc11908a66eec24f715da3192/mp3-320/3759715875?id=3759715875&payment_id=1210726417&sig=50a525109eaaf2ef553b8c073b497b6c&token=1713727653_c108ea0faa23fb71612387728c9994e9dcbd83ad;psytrance
https://p4.bcbits.com/download/album/115354bff0b03b4f7ea1163b196495c6e/mp3-320/1514701136?id=1514701136&payment_id=4270525332&sig=97a7e4b893e9277cdc38740813ae88d2&token=1713727658_f497cb93f43b42c81c5af279c59ae1ca0447aa7d;psytrance
https://p4.bcbits.com/download/album/149243274a5e36c0c4ab9a54d8d24958c/mp3-320/3578539354?id=3578539354&payment_id=2284364908&sig=2c0eab03a9da0396cc1cc3809d146ccf&token=1713727658_acc53e943222f080d1140a6ae3cf0266c778a7b3;psytrance
https://p4.bcbits.com/download/album/175b50ef9a3c07f49def76474e606e777/mp3-320/1382476477?id=1382476477&payment_id=2989859993&sig=c06e2170181b3de0dda0dee9c4f53c71&token=1713727620_b90141ad518fd1b79cd9bc0d9a4a4503557018af;psytrance
https://p4.bcbits.com/download/album/134098598087419f4a8dbbca983032be3/mp3-320/2985303847?id=2985303847&payment_id=2187855364&sig=cc29e034b65e00df10d7968a6e4d790e&token=1713727658_472fa2ac32d6d5a5e46dd64c436ffb0fcee926b2;psytrance
https://p4.bcbits.com/download/album/11f83f5d0afe28cbbc24b2068bbdf569d/mp3-320/2233537126?id=2233537126&payment_id=3042172828&sig=78e1cc75c403555c5131978666e0eb3f&token=1713727617_9ae28d503d5a6708032dc4b7c616af4f4ed4f9c2;psytrance
https://p4.bcbits.com/download/album/11f83f5d0afe28cbbc24b2068bbdf569d/mp3-320/2233537126?id=2233537126&payment_id=3640776788&sig=a2e7e40ead68af083f30ecd1948f015c&token=1713727618_802475ccf89b39999a3e1e2a6a839c1bebf4cd0c;psytrance